Job_Title,Required_Skills,Learning_Resources,Skill_Level,Industry/Field,Company Type,Job Demand,Job Link 1,Job Link 2,Job Link 3,Job Link 4,Job Link 5
Data Scientist,"Python, R, SQL, Machine Learning, Data Visualization, Statistics","Coursera - Data Scientist Specialization, LinkedIn Learning - Python Fundamentals",Advanced,"IT, Analytics","Corporate, Startup",High,https://www.linkedin.com/jobs/search/?keywords=Data%20Scientist,https://www.indeed.com/jobs?q=Data%20Scientist,https://www.glassdoor.com/Job/jobs.htm?sc.keyword=Data%20Scientist,https://www.monster.com/jobs/search/?q=Data%20Scientist,https://www.careerbuilder.com/jobs?keywords=Data%20Scientist
Software Engineer,"Java, C++, Python, Agile Methodologies, Version Control (Git), Problem-solving","Coursera - Software Engineer Specialization, LinkedIn Learning - Java Fundamentals",Intermediate,IT,"Corporate, Startup",Medium,https://www.linkedin.com/jobs/search/?keywords=Software%20Engineer,https://www.indeed.com/jobs?q=Software%20Engineer,https://www.glassdoor.com/Job/jobs.htm?sc.keyword=Software%20Engineer,https://www.monster.com/jobs/search/?q=Software%20Engineer,https://www.careerbuilder.com/jobs?keywords=Software%20Engineer
HR Specialist,"Communication, Emotional Intelligence, Recruitment Processes, Conflict Resolution, Team Building","Coursera - HR Specialist Specialization, LinkedIn Learning - Communication Fundamentals",Intermediate,Human Resources,"Corporate, SME",Medium,https://www.linkedin.com/jobs/search/?keywords=HR%20Specialist,https://www.indeed.com/jobs?q=HR%20Specialist,https://www.glassdoor.com/Job/jobs.htm?sc.keyword=HR%20Specialist,https://www.monster.com/jobs/search/?q=HR%20Specialist,https://www.careerbuilder.com/jobs?keywords=HR%20Specialist
Project Manager,"Leadership, Time Management, Budgeting, Risk Management, Project Planning, Team Motivation","Coursera - Project Manager Specialization, LinkedIn Learning - Leadership Fundamentals",Advanced,Management,"Corporate, SME",High,https://www.linkedin.com/jobs/search/?keywords=Project%20Manager,https://www.indeed.com/jobs?q=Project%20Manager,https://www.glassdoor.com/Job/jobs.htm?sc.keyword=Project%20Manager,https://www.monster.com/jobs/search/?q=Project%20Manager,https://www.careerbuilder.com/jobs?keywords=Project%20Manager
UX Designer,"Wireframing, Prototyping, User Research, Interaction Design, UX Writing, Design Thinking","Coursera - UX Designer Specialization, LinkedIn Learning - Wireframing Fundamentals",Advanced,Design,"Corporate, SME",High,https://www.linkedin.com/jobs/search/?keywords=UX%20Designer,https://www.indeed.com/jobs?q=UX%20Designer,https://www.glassdoor.com/Job/jobs.htm?sc.keyword=UX%20Designer,https://www.monster.com/jobs/search/?q=UX%20Designer,https://www.careerbuilder.com/jobs?keywords=UX%20Designer
Bioinformatician,"Python, R, Biostatistics, Data Mining, Machine Learning, Sequencing, Genomic Data Analysis","Coursera - Bioinformatician Specialization, LinkedIn Learning - Python Fundamentals",Advanced,Professional Services,"Corporate, SME",High,https://www.linkedin.com/jobs/search/?keywords=Bioinformatician,https://www.indeed.com/jobs?q=Bioinformatician,https://www.glassdoor.com/Job/jobs.htm?sc.keyword=Bioinformatician,https://www.monster.com/jobs/search/?q=Bioinformatician,https://www.careerbuilder.com/jobs?keywords=Bioinformatician
Digital Marketing Specialist,"SEO, Google Analytics, Social Media Marketing, Content Creation, Email Marketing, Adobe Creative Suite","Coursera - Digital Marketing Specialist Specialization, LinkedIn Learning - SEO Fundamentals",Intermediate,Professional Services,"Corporate, SME",Medium,https://www.linkedin.com/jobs/search/?keywords=Digital%20Marketing%20Specialist,https://www.indeed.com/jobs?q=Digital%20Marketing%20Specialist,https://www.glassdoor.com/Job/jobs.htm?sc.keyword=Digital%20Marketing%20Specialist,https://www.monster.com/jobs/search/?q=Digital%20Marketing%20Specialist,https://www.careerbuilder.com/jobs?keywords=Digital%20Marketing%20Specialist
Cybersecurity Analyst,"Network Security, Ethical Hacking, Intrusion Detection, Cryptography, Threat Intelligence, Compliance Management","Coursera - Cybersecurity Analyst Specialization, LinkedIn Learning - Network Security Fundamentals",Advanced,Professional Services,"Corporate, SME",High,https://www.linkedin.com/jobs/search/?keywords=Cybersecurity%20Analyst,https://www.indeed.com/jobs?q=Cybersecurity%20Analyst,https://www.glassdoor.com/Job/jobs.htm?sc.keyword=Cybersecurity%20Analyst,https://www.monster.com/jobs/search/?q=Cybersecurity%20Analyst,https://www.careerbuilder.com/jobs?keywords=Cybersecurity%20Analyst
Web Developer,"HTML, CSS, JavaScript, Git, PHP, Responsive Design","Coursera - Web Developer Specialization, LinkedIn Learning - HTML Fundamentals",Intermediate,Professional Services,"Corporate, SME",Medium,https://www.linkedin.com/jobs/search/?keywords=Web%20Developer,https://www.indeed.com/jobs?q=Web%20Developer,https://www.glassdoor.com/Job/jobs.htm?sc.keyword=Web%20Developer,https://www.monster.com/jobs/search/?q=Web%20Developer,https://www.careerbuilder.com/jobs?keywords=Web%20Developer
Cybersecurity Analyst,"Network Security, Ethical Hacking, Intrusion Detection, Threat Intelligence, Penetration Testing","Coursera - Cybersecurity Analyst Specialization, LinkedIn Learning - Network Security Fundamentals",Advanced,Professional Services,"Corporate, SME",High,https://www.linkedin.com/jobs/search/?keywords=Cybersecurity%20Analyst,https://www.indeed.com/jobs?q=Cybersecurity%20Analyst,https://www.glassdoor.com/Job/jobs.htm?sc.keyword=Cybersecurity%20Analyst,https://www.monster.com/jobs/search/?q=Cybersecurity%20Analyst,https://www.careerbuilder.com/jobs?keywords=Cybersecurity%20Analyst
Content Writer,"Copywriting, SEO, Content Planning, WordPress, Blogging","Coursera - Content Writer Specialization, LinkedIn Learning - Copywriting Fundamentals",Intermediate,Professional Services,"Corporate, SME",Medium,https://www.linkedin.com/jobs/search/?keywords=Content%20Writer,https://www.indeed.com/jobs?q=Content%20Writer,https://www.glassdoor.com/Job/jobs.htm?sc.keyword=Content%20Writer,https://www.monster.com/jobs/search/?q=Content%20Writer,https://www.careerbuilder.com/jobs?keywords=Content%20Writer
Blockchain Developer,"Smart Contracts, Consensus Algorithms, Decentralized Applications, Cryptography, Peer-to-Peer Networks, Node Operations","Coursera - Blockchain Developer Specialization, LinkedIn Learning - Smart Contracts Fundamentals",Advanced,Professional Services,"Corporate, SME",High,https://www.linkedin.com/jobs/search/?keywords=Blockchain%20Developer,https://www.indeed.com/jobs?q=Blockchain%20Developer,https://www.glassdoor.com/Job/jobs.htm?sc.keyword=Blockchain%20Developer,https://www.monster.com/jobs/search/?q=Blockchain%20Developer,https://www.careerbuilder.com/jobs?keywords=Blockchain%20Developer
Cloud Architect,"AWS, Azure, Google Cloud Platform, Microservices, DevOps, Cloud Security","Coursera - Cloud Architect Specialization, LinkedIn Learning - AWS Fundamentals",Intermediate,Professional Services,"Corporate, SME",Medium,https://www.linkedin.com/jobs/search/?keywords=Cloud%20Architect,https://www.indeed.com/jobs?q=Cloud%20Architect,https://www.glassdoor.com/Job/jobs.htm?sc.keyword=Cloud%20Architect,https://www.monster.com/jobs/search/?q=Cloud%20Architect,https://www.careerbuilder.com/jobs?keywords=Cloud%20Architect
Chief Diversity Officer,"Cultural Competency, Inclusive Leadership, Diversity & Inclusion Strategy, Change Management, Human Resources Policy, Talent Acquisition","Coursera - Chief Diversity Officer Specialization, LinkedIn Learning - Cultural Competency Fundamentals",Advanced,Professional Services,"Corporate, SME",High,https://www.linkedin.com/jobs/search/?keywords=Chief%20Diversity%20Officer,https://www.indeed.com/jobs?q=Chief%20Diversity%20Officer,https://www.glassdoor.com/Job/jobs.htm?sc.keyword=Chief%20Diversity%20Officer,https://www.monster.com/jobs/search/?q=Chief%20Diversity%20Officer,https://www.careerbuilder.com/jobs?keywords=Chief%20Diversity%20Officer
Graphic Designer,"Adobe Creative Suite, Typography, Branding, UX/UI, Color Theory, Motion Graphics, Illustrator, Photoshop, Vector Art, Print Design","Coursera - Graphic Designer Specialization, LinkedIn Learning - Adobe Creative Suite Fundamentals",Intermediate,Professional Services,"Corporate, SME",Medium,https://www.linkedin.com/jobs/search/?keywords=Graphic%20Designer,https://www.indeed.com/jobs?q=Graphic%20Designer,https://www.glassdoor.com/Job/jobs.htm?sc.keyword=Graphic%20Designer,https://www.monster.com/jobs/search/?q=Graphic%20Designer,https://www.careerbuilder.com/jobs?keywords=Graphic%20Designer
Network Security Specialist,"Cryptography, Network Security Fundamentals, Penetration Testing, Security Protocols, Risk Management, Compliance, Incident Response","Coursera - Network Security Specialist Specialization, LinkedIn Learning - Cryptography Fundamentals",Advanced,Professional Services,"Corporate, SME",High,https://www.linkedin.com/jobs/search/?keywords=Network%20Security%20Specialist,https://www.indeed.com/jobs?q=Network%20Security%20Specialist,https://www.glassdoor.com/Job/jobs.htm?sc.keyword=Network%20Security%20Specialist,https://www.monster.com/jobs/search/?q=Network%20Security%20Specialist,https://www.careerbuilder.com/jobs?keywords=Network%20Security%20Specialist
Accountant,"General Ledger, Payroll, Tax Law, Financial Reporting, Auditing, Excel, QuickBooks","Coursera - Accountant Specialization, LinkedIn Learning - General Ledger Fundamentals",Intermediate,Professional Services,"Corporate, SME",Medium,https://www.linkedin.com/jobs/search/?keywords=Accountant,https://www.indeed.com/jobs?q=Accountant,https://www.glassdoor.com/Job/jobs.htm?sc.keyword=Accountant,https://www.monster.com/jobs/search/?q=Accountant,https://www.careerbuilder.com/jobs?keywords=Accountant
Network Engineer,"Network Design, Routing, Switching, Wireless, VLANs, Network Monitoring, Network Troubleshooting","Coursera - Network Engineer Specialization, LinkedIn Learning - Network Design Fundamentals",Advanced,Professional Services,"Corporate, SME",High,https://www.linkedin.com/jobs/search/?keywords=Network%20Engineer,https://www.indeed.com/jobs?q=Network%20Engineer,https://www.glassdoor.com/Job/jobs.htm?sc.keyword=Network%20Engineer,https://www.monster.com/jobs/search/?q=Network%20Engineer,https://www.careerbuilder.com/jobs?keywords=Network%20Engineer
Graphic Designer,"Adobe Creative Suite, UI/UX Design Principles, Typography, Color Theory, Photoshop","Coursera - Graphic Designer Specialization, LinkedIn Learning - Adobe Creative Suite Fundamentals",Intermediate,Professional Services,"Corporate, SME",Medium,https://www.linkedin.com/jobs/search/?keywords=Graphic%20Designer,https://www.indeed.com/jobs?q=Graphic%20Designer,https://www.glassdoor.com/Job/jobs.htm?sc.keyword=Graphic%20Designer,https://www.monster.com/jobs/search/?q=Graphic%20Designer,https://www.careerbuilder.com/jobs?keywords=Graphic%20Designer
Cloud Architect,"AWS, Azure, Google Cloud Platform, Cloud Security, DevOps, Microservices","Coursera - Cloud Architect Specialization, LinkedIn Learning - AWS Fundamentals",Advanced,Professional Services,"Corporate, SME",High,https://www.linkedin.com/jobs/search/?keywords=Cloud%20Architect,https://www.indeed.com/jobs?q=Cloud%20Architect,https://www.glassdoor.com/Job/jobs.htm?sc.keyword=Cloud%20Architect,https://www.monster.com/jobs/search/?q=Cloud%20Architect,https://www.careerbuilder.com/jobs?keywords=Cloud%20Architect
Customer Service Representative,"Active Listening, Emotional Intelligence, Conflict Resolution, Patience, Product Knowledge","Coursera - Customer Service Representative Specialization, LinkedIn Learning - Active Listening Fundamentals",Intermediate,Professional Services,"Corporate, SME",Medium,https://www.linkedin.com/jobs/search/?keywords=Customer%20Service%20Representative,https://www.indeed.com/jobs?q=Customer%20Service%20Representative,https://www.glassdoor.com/Job/jobs.htm?sc.keyword=Customer%20Service%20Representative,https://www.monster.com/jobs/search/?q=Customer%20Service%20Representative,https://www.careerbuilder.com/jobs?keywords=Customer%20Service%20Representative
AI Ethics Officer,"Bias Mitigation, Ethical AI Frameworks, Regulatory Compliance, Stakeholder Engagement, Transparency Measures, AI Governance","Coursera - AI Ethics Officer Specialization, LinkedIn Learning - Bias Mitigation Fundamentals",Advanced,Professional Services,"Corporate, SME",High,https://www.linkedin.com/jobs/search/?keywords=AI%20Ethics%20Officer,https://www.indeed.com/jobs?q=AI%20Ethics%20Officer,https://www.glassdoor.com/Job/jobs.htm?sc.keyword=AI%20Ethics%20Officer,https://www.monster.com/jobs/search/?q=AI%20Ethics%20Officer,https://www.careerbuilder.com/jobs?keywords=AI%20Ethics%20Officer
Quality Assurance Analyst,"Automated Testing, Software Testing Principles, Bug Tracking Systems, Manual Testing","Coursera - Quality Assurance Analyst Specialization, LinkedIn Learning - Automated Testing Fundamentals",Intermediate,Professional Services,"Corporate, SME",Medium,https://www.linkedin.com/jobs/search/?keywords=Quality%20Assurance%20Analyst,https://www.indeed.com/jobs?q=Quality%20Assurance%20Analyst,https://www.glassdoor.com/Job/jobs.htm?sc.keyword=Quality%20Assurance%20Analyst,https://www.monster.com/jobs/search/?q=Quality%20Assurance%20Analyst,https://www.careerbuilder.com/jobs?keywords=Quality%20Assurance%20Analyst
Quantum Computing Scientist,"Quantum Algorithms, Quantum Information Theory, Quantum Error Correction, Quantum Computing Simulations, Theoretical Physics, Advanced Mathematics","Coursera - Quantum Computing Scientist Specialization, LinkedIn Learning - Quantum Algorithms Fundamentals",Advanced,Professional Services,"Corporate, SME",High,https://www.linkedin.com/jobs/search/?keywords=Quantum%20Computing%20Scientist,https://www.indeed.com/jobs?q=Quantum%20Computing%20Scientist,https://www.glassdoor.com/Job/jobs.htm?sc.keyword=Quantum%20Computing%20Scientist,https://www.monster.com/jobs/search/?q=Quantum%20Computing%20Scientist,https://www.careerbuilder.com/jobs?keywords=Quantum%20Computing%20Scientist
Financial Analyst,"Budget Analysis, Risk Assessment, Portfolio Management, Financial Reporting, Investment Strategies, Valuation, Financial Modeling, Economic Indicators, Accounting Software, Forecasting","Coursera - Financial Analyst Specialization, LinkedIn Learning - Budget Analysis Fundamentals",Intermediate,Finance,Corporate,Medium,https://www.linkedin.com/jobs/search/?keywords=Financial%20Analyst,https://www.indeed.com/jobs?q=Financial%20Analyst,https://www.glassdoor.com/Job/jobs.htm?sc.keyword=Financial%20Analyst,https://www.monster.com/jobs/search/?q=Financial%20Analyst,https://www.careerbuilder.com/jobs?keywords=Financial%20Analyst
Architect,"Design Thinking, Sustainability, Enterprise Architecture, Risk Management, Software Development Life Cycle, Coding Standards","Coursera - Architect Specialization, LinkedIn Learning - Design Thinking Fundamentals",Advanced,Professional Services,"Corporate, SME",High,https://www.linkedin.com/jobs/search/?keywords=Architect,https://www.indeed.com/jobs?q=Architect,https://www.glassdoor.com/Job/jobs.htm?sc.keyword=Architect,https://www.monster.com/jobs/search/?q=Architect,https://www.careerbuilder.com/jobs?keywords=Architect
Construction Project Manager,"Project Scheduling, Blueprint Reading, Construction Law, Health and Safety, Equipment Operation, Risk Assessment","Coursera - Construction Project Manager Specialization, LinkedIn Learning - Project Scheduling Fundamentals",Intermediate,Professional Services,"Corporate, SME",Medium,https://www.linkedin.com/jobs/search/?keywords=Construction%20Project%20Manager,https://www.indeed.com/jobs?q=Construction%20Project%20Manager,https://www.glassdoor.com/Job/jobs.htm?sc.keyword=Construction%20Project%20Manager,https://www.monster.com/jobs/search/?q=Construction%20Project%20Manager,https://www.careerbuilder.com/jobs?keywords=Construction%20Project%20Manager
Cloud Architect,"AWS, Azure, Google Cloud Platform, Cloud Security, Cloud Storage, DevOps, Serverless Computing","Coursera - Cloud Architect Specialization, LinkedIn Learning - AWS Fundamentals",Advanced,Professional Services,"Corporate, SME",High,https://www.linkedin.com/jobs/search/?keywords=Cloud%20Architect,https://www.indeed.com/jobs?q=Cloud%20Architect,https://www.glassdoor.com/Job/jobs.htm?sc.keyword=Cloud%20Architect,https://www.monster.com/jobs/search/?q=Cloud%20Architect,https://www.careerbuilder.com/jobs?keywords=Cloud%20Architect
Marketing Coordinator,"SEO/SEM, Content Creation, Social Media Marketing, Email Marketing, Market Research","Coursera - Marketing Coordinator Specialization, LinkedIn Learning - SEO/SEM Fundamentals",Intermediate,Professional Services,"Corporate, SME",Medium,https://www.linkedin.com/jobs/search/?keywords=Marketing%20Coordinator,https://www.indeed.com/jobs?q=Marketing%20Coordinator,https://www.glassdoor.com/Job/jobs.htm?sc.keyword=Marketing%20Coordinator,https://www.monster.com/jobs/search/?q=Marketing%20Coordinator,https://www.careerbuilder.com/jobs?keywords=Marketing%20Coordinator
Sales Director,"Negotiation, Relationship Building, Sales Forecasting, Market Analysis, Customer Retention","Coursera - Sales Director Specialization, LinkedIn Learning - Negotiation Fundamentals",Advanced,Professional Services,"Corporate, SME",High,https://www.linkedin.com/jobs/search/?keywords=Sales%20Director,https://www.indeed.com/jobs?q=Sales%20Director,https://www.glassdoor.com/Job/jobs.htm?sc.keyword=Sales%20Director,https://www.monster.com/jobs/search/?q=Sales%20Director,https://www.careerbuilder.com/jobs?keywords=Sales%20Director
Marketing Specialist,"Market Research, SEO, Social Media Management, Campaign Planning, Google Analytics","Coursera - Marketing Specialist Specialization, LinkedIn Learning - Market Research Fundamentals",Intermediate,Professional Services,"Corporate, SME",Medium,https://www.linkedin.com/jobs/search/?keywords=Marketing%20Specialist,https://www.indeed.com/jobs?q=Marketing%20Specialist,https://www.glassdoor.com/Job/jobs.htm?sc.keyword=Marketing%20Specialist,https://www.monster.com/jobs/search/?q=Marketing%20Specialist,https://www.careerbuilder.com/jobs?keywords=Marketing%20Specialist
Renewable Energy Systems Analyst,"Solar Panel Efficiency, Wind Turbine Aerodynamics, Bioenergy Potentials, Grid Integration, Environmental Impact Assessments, Energy Storage Solutions","Coursera - Renewable Energy Systems Analyst Specialization, LinkedIn Learning - Solar Panel Efficiency Fundamentals",Advanced,Professional Services,"Corporate, SME",High,https://www.linkedin.com/jobs/search/?keywords=Renewable%20Energy%20Systems%20Analyst,https://www.indeed.com/jobs?q=Renewable%20Energy%20Systems%20Analyst,https://www.glassdoor.com/Job/jobs.htm?sc.keyword=Renewable%20Energy%20Systems%20Analyst,https://www.monster.com/jobs/search/?q=Renewable%20Energy%20Systems%20Analyst,https://www.careerbuilder.com/jobs?keywords=Renewable%20Energy%20Systems%20Analyst
Cybersecurity Specialist,"Network Security, Cryptography, Threat Modeling, Incident Response, Patch Management","Coursera - Cybersecurity Specialist Specialization, LinkedIn Learning - Network Security Fundamentals",Intermediate,Professional Services,"Corporate, SME",Medium,https://www.linkedin.com/jobs/search/?keywords=Cybersecurity%20Specialist,https://www.indeed.com/jobs?q=Cybersecurity%20Specialist,https://www.glassdoor.com/Job/jobs.htm?sc.keyword=Cybersecurity%20Specialist,https://www.monster.com/jobs/search/?q=Cybersecurity%20Specialist,https://www.careerbuilder.com/jobs?keywords=Cybersecurity%20Specialist
Environmental Health & Safety Officer,"Regulatory Compliance, Risk Assessment, Environmental Impact Analysis, Emergency Response Planning, Occupational Safety, Hazardous Materials Management","Coursera - Environmental Health & Safety Officer Specialization, LinkedIn Learning - Regulatory Compliance Fundamentals",Advanced,Professional Services,"Corporate, SME",High,https://www.linkedin.com/jobs/search/?keywords=Environmental%20Health%20&%20Safety%20Officer,https://www.indeed.com/jobs?q=Environmental%20Health%20&%20Safety%20Officer,https://www.glassdoor.com/Job/jobs.htm?sc.keyword=Environmental%20Health%20&%20Safety%20Officer,https://www.monster.com/jobs/search/?q=Environmental%20Health%20&%20Safety%20Officer,https://www.careerbuilder.com/jobs?keywords=Environmental%20Health%20&%20Safety%20Officer
Event Coordinator,"Project Management, Budgeting, Team Leadership, Time Management, Venue Selection, Catering Coordination, Logistics, Marketing, Public Relations, Speech Delivery","Coursera - Event Coordinator Specialization, LinkedIn Learning - Project Management Fundamentals",Intermediate,Professional Services,"Corporate, SME",Medium,https://www.linkedin.com/jobs/search/?keywords=Event%20Coordinator,https://www.indeed.com/jobs?q=Event%20Coordinator,https://www.glassdoor.com/Job/jobs.htm?sc.keyword=Event%20Coordinator,https://www.monster.com/jobs/search/?q=Event%20Coordinator,https://www.careerbuilder.com/jobs?keywords=Event%20Coordinator
Auditor,"Ethical Standards, Accounting Principles, Compliance, Forensic Accounting, Risk Assessment, Audit Planning, Documentation","Coursera - Auditor Specialization, LinkedIn Learning - Ethical Standards Fundamentals",Advanced,Professional Services,"Corporate, SME",High,https://www.linkedin.com/jobs/search/?keywords=Auditor,https://www.indeed.com/jobs?q=Auditor,https://www.glassdoor.com/Job/jobs.htm?sc.keyword=Auditor,https://www.monster.com/jobs/search/?q=Auditor,https://www.careerbuilder.com/jobs?keywords=Auditor
Event Planner,"Venue Management, Budgeting, Coordination, Event Planning Software, Marketing and Promotion, Creative Design","Coursera - Event Planner Specialization, LinkedIn Learning - Venue Management Fundamentals",Intermediate,Professional Services,"Corporate, SME",Medium,https://www.linkedin.com/jobs/search/?keywords=Event%20Planner,https://www.indeed.com/jobs?q=Event%20Planner,https://www.glassdoor.com/Job/jobs.htm?sc.keyword=Event%20Planner,https://www.monster.com/jobs/search/?q=Event%20Planner,https://www.careerbuilder.com/jobs?keywords=Event%20Planner
Business Analyst,"Data Analysis, Statistical Methods, Project Management, Data Visualization, Business Process Improvement, BI Tools","Coursera - Business Analyst Specialization, LinkedIn Learning - Data Analysis Fundamentals",Advanced,"Business, Analytics","Corporate, Startup",High,https://www.linkedin.com/jobs/search/?keywords=Business%20Analyst,https://www.indeed.com/jobs?q=Business%20Analyst,https://www.glassdoor.com/Job/jobs.htm?sc.keyword=Business%20Analyst,https://www.monster.com/jobs/search/?q=Business%20Analyst,https://www.careerbuilder.com/jobs?keywords=Business%20Analyst
IT Support Specialist,"Troubleshooting, Help Desk Software, Basic Networking, Linux, Security Awareness","Coursera - IT Support Specialist Specialization, LinkedIn Learning - Troubleshooting Fundamentals",Intermediate,Professional Services,"Corporate, SME",Medium,https://www.linkedin.com/jobs/search/?keywords=IT%20Support%20Specialist,https://www.indeed.com/jobs?q=IT%20Support%20Specialist,https://www.glassdoor.com/Job/jobs.htm?sc.keyword=IT%20Support%20Specialist,https://www.monster.com/jobs/search/?q=IT%20Support%20Specialist,https://www.careerbuilder.com/jobs?keywords=IT%20Support%20Specialist
Digital Marketing Manager,"SEO, PPC, Content Marketing, Social Media Marketing, Data Analytics, Brand Strategy","Coursera - Digital Marketing Manager Specialization, LinkedIn Learning - SEO Fundamentals",Advanced,Professional Services,"Corporate, SME",High,https://www.linkedin.com/jobs/search/?keywords=Digital%20Marketing%20Manager,https://www.indeed.com/jobs?q=Digital%20Marketing%20Manager,https://www.glassdoor.com/Job/jobs.htm?sc.keyword=Digital%20Marketing%20Manager,https://www.monster.com/jobs/search/?q=Digital%20Marketing%20Manager,https://www.careerbuilder.com/jobs?keywords=Digital%20Marketing%20Manager
IT Support Technician,"Troubleshooting, Networking, Customer Service, Technical Support, Microsoft Office","Coursera - IT Support Technician Specialization, LinkedIn Learning - Troubleshooting Fundamentals",Intermediate,Professional Services,"Corporate, SME",Medium,https://www.linkedin.com/jobs/search/?keywords=IT%20Support%20Technician,https://www.indeed.com/jobs?q=IT%20Support%20Technician,https://www.glassdoor.com/Job/jobs.htm?sc.keyword=IT%20Support%20Technician,https://www.monster.com/jobs/search/?q=IT%20Support%20Technician,https://www.careerbuilder.com/jobs?keywords=IT%20Support%20Technician
Cybersecurity Penetration Tester,"Exploit Development, Vulnerability Analysis, Wireless Network Security, Web Application Security, Mobile Application Security, Red Team Exercises","Coursera - Cybersecurity Penetration Tester Specialization, LinkedIn Learning - Exploit Development Fundamentals",Advanced,Professional Services,"Corporate, SME",High,https://www.linkedin.com/jobs/search/?keywords=Cybersecurity%20Penetration%20Tester,https://www.indeed.com/jobs?q=Cybersecurity%20Penetration%20Tester,https://www.glassdoor.com/Job/jobs.htm?sc.keyword=Cybersecurity%20Penetration%20Tester,https://www.monster.com/jobs/search/?q=Cybersecurity%20Penetration%20Tester,https://www.careerbuilder.com/jobs?keywords=Cybersecurity%20Penetration%20Tester
Digital Marketing Manager,"SEO, Content Marketing, Social Media Management, Analytics, Email Marketing, PPC Campaigns","Coursera - Digital Marketing Manager Specialization, LinkedIn Learning - SEO Fundamentals",Intermediate,Professional Services,"Corporate, SME",Medium,https://www.linkedin.com/jobs/search/?keywords=Digital%20Marketing%20Manager,https://www.indeed.com/jobs?q=Digital%20Marketing%20Manager,https://www.glassdoor.com/Job/jobs.htm?sc.keyword=Digital%20Marketing%20Manager,https://www.monster.com/jobs/search/?q=Digital%20Marketing%20Manager,https://www.careerbuilder.com/jobs?keywords=Digital%20Marketing%20Manager
Sports Psychologist,"Motivation Techniques, Team Dynamics, Performance Psychology, Mental Toughness, Goal Setting, Athlete Counseling","Coursera - Sports Psychologist Specialization, LinkedIn Learning - Motivation Techniques Fundamentals",Advanced,Professional Services,"Corporate, SME",High,https://www.linkedin.com/jobs/search/?keywords=Sports%20Psychologist,https://www.indeed.com/jobs?q=Sports%20Psychologist,https://www.glassdoor.com/Job/jobs.htm?sc.keyword=Sports%20Psychologist,https://www.monster.com/jobs/search/?q=Sports%20Psychologist,https://www.careerbuilder.com/jobs?keywords=Sports%20Psychologist
Cybersecurity Analyst,"Intrusion Detection, Network Security, Vulnerability Assessment, Cyber Threat Intelligence, Incident Response, Cryptography, Penetration Testing, Compliance Management, Security Policies, Forensics","Coursera - Cybersecurity Analyst Specialization, LinkedIn Learning - Intrusion Detection Fundamentals",Intermediate,Professional Services,"Corporate, SME",Medium,https://www.linkedin.com/jobs/search/?keywords=Cybersecurity%20Analyst,https://www.indeed.com/jobs?q=Cybersecurity%20Analyst,https://www.glassdoor.com/Job/jobs.htm?sc.keyword=Cybersecurity%20Analyst,https://www.monster.com/jobs/search/?q=Cybersecurity%20Analyst,https://www.careerbuilder.com/jobs?keywords=Cybersecurity%20Analyst
DevOps Engineer,"Version Control, Infrastructure as Code, Continuous Integration/Continuous Deployment, Docker, Kubernetes, Monitoring, Performance Testing","Coursera - DevOps Engineer Specialization, LinkedIn Learning - Version Control Fundamentals",Advanced,Professional Services,"Corporate, SME",High,https://www.linkedin.com/jobs/search/?keywords=DevOps%20Engineer,https://www.indeed.com/jobs?q=DevOps%20Engineer,https://www.glassdoor.com/Job/jobs.htm?sc.keyword=DevOps%20Engineer,https://www.monster.com/jobs/search/?q=DevOps%20Engineer,https://www.careerbuilder.com/jobs?keywords=DevOps%20Engineer
IT Technician,"Network Troubleshooting, Microsoft Office Suite, Linux Operating System, Helpdesk Software, Network Security","Coursera - IT Technician Specialization, LinkedIn Learning - Network Troubleshooting Fundamentals",Intermediate,Professional Services,"Corporate, SME",Medium,https://www.linkedin.com/jobs/search/?keywords=IT%20Technician,https://www.indeed.com/jobs?q=IT%20Technician,https://www.glassdoor.com/Job/jobs.htm?sc.keyword=IT%20Technician,https://www.monster.com/jobs/search/?q=IT%20Technician,https://www.careerbuilder.com/jobs?keywords=IT%20Technician
Web Developer,"HTML, CSS, JavaScript, PHP, React, Node.js, Web Design, Version Control (Git), Full-stack Development","Coursera - Web Developer Specialization, LinkedIn Learning - HTML Fundamentals",Advanced,Professional Services,"Corporate, SME",High,https://www.linkedin.com/jobs/search/?keywords=Web%20Developer,https://www.indeed.com/jobs?q=Web%20Developer,https://www.glassdoor.com/Job/jobs.htm?sc.keyword=Web%20Developer,https://www.monster.com/jobs/search/?q=Web%20Developer,https://www.careerbuilder.com/jobs?keywords=Web%20Developer
Operations Manager,"Supply Chain Management, Inventory Control, Project Management, Logistics, Cost Reduction","Coursera - Operations Manager Specialization, LinkedIn Learning - Supply Chain Management Fundamentals",Intermediate,Operations,Corporate,Medium,https://www.linkedin.com/jobs/search/?keywords=Operations%20Manager,https://www.indeed.com/jobs?q=Operations%20Manager,https://www.glassdoor.com/Job/jobs.htm?sc.keyword=Operations%20Manager,https://www.monster.com/jobs/search/?q=Operations%20Manager,https://www.careerbuilder.com/jobs?keywords=Operations%20Manager
Medical Laboratory Technician,"Blood Testing, Microscopy, Immunology, Clinical Pathology, Safety Procedures","Coursera - Medical Laboratory Technician Specialization, LinkedIn Learning - Blood Testing Fundamentals",Advanced,Professional Services,"Corporate, SME",High,https://www.linkedin.com/jobs/search/?keywords=Medical%20Laboratory%20Technician,https://www.indeed.com/jobs?q=Medical%20Laboratory%20Technician,https://www.glassdoor.com/Job/jobs.htm?sc.keyword=Medical%20Laboratory%20Technician,https://www.monster.com/jobs/search/?q=Medical%20Laboratory%20Technician,https://www.careerbuilder.com/jobs?keywords=Medical%20Laboratory%20Technician
Personal Trainer,"Nutrition Knowledge, Exercise Science, Motivation Techniques, Client Assessment, Group Classes","Coursera - Personal Trainer Specialization, LinkedIn Learning - Nutrition Knowledge Fundamentals",Intermediate,Professional Services,"Corporate, SME",Medium,https://www.linkedin.com/jobs/search/?keywords=Personal%20Trainer,https://www.indeed.com/jobs?q=Personal%20Trainer,https://www.glassdoor.com/Job/jobs.htm?sc.keyword=Personal%20Trainer,https://www.monster.com/jobs/search/?q=Personal%20Trainer,https://www.careerbuilder.com/jobs?keywords=Personal%20Trainer
Quantum Computing Engineer,"Quantum Algorithms, Quantum Error Correction, Quantum Cryptography, Quantum Supremacy, Quantum Simulation, Quantum Networking","Coursera - Quantum Computing Engineer Specialization, LinkedIn Learning - Quantum Algorithms Fundamentals",Advanced,Professional Services,"Corporate, SME",High,https://www.linkedin.com/jobs/search/?keywords=Quantum%20Computing%20Engineer,https://www.indeed.com/jobs?q=Quantum%20Computing%20Engineer,https://www.glassdoor.com/Job/jobs.htm?sc.keyword=Quantum%20Computing%20Engineer,https://www.monster.com/jobs/search/?q=Quantum%20Computing%20Engineer,https://www.careerbuilder.com/jobs?keywords=Quantum%20Computing%20Engineer
UI/UX Designer,"Prototyping, User Experience Research, Information Architecture, Wireframing, Interaction Design","Coursera - UI/UX Designer Specialization, LinkedIn Learning - Prototyping Fundamentals",Intermediate,Professional Services,"Corporate, SME",Medium,https://www.linkedin.com/jobs/search/?keywords=UI/UX%20Designer,https://www.indeed.com/jobs?q=UI/UX%20Designer,https://www.glassdoor.com/Job/jobs.htm?sc.keyword=UI/UX%20Designer,https://www.monster.com/jobs/search/?q=UI/UX%20Designer,https://www.careerbuilder.com/jobs?keywords=UI/UX%20Designer
Cryptocurrency Developer,"Blockchain Technology, Smart Contracts, Consensus Mechanisms, Cryptography, Bitcoin/Ethereum, Crypto Exchanges","Coursera - Cryptocurrency Developer Specialization, LinkedIn Learning - Blockchain Technology Fundamentals",Advanced,Professional Services,"Corporate, SME",High,https://www.linkedin.com/jobs/search/?keywords=Cryptocurrency%20Developer,https://www.indeed.com/jobs?q=Cryptocurrency%20Developer,https://www.glassdoor.com/Job/jobs.htm?sc.keyword=Cryptocurrency%20Developer,https://www.monster.com/jobs/search/?q=Cryptocurrency%20Developer,https://www.careerbuilder.com/jobs?keywords=Cryptocurrency%20Developer
Sales Manager,"CRM Systems, Sales Forecasting, Lead Generation, Negotiation Skills, Closing Deals, Customer Retention, Sales Analytics, Territory Management, Product Knowledge, Strategic Planning","Coursera - Sales Manager Specialization, LinkedIn Learning - CRM Systems Fundamentals",Intermediate,Professional Services,"Corporate, SME",Medium,https://www.linkedin.com/jobs/search/?keywords=Sales%20Manager,https://www.indeed.com/jobs?q=Sales%20Manager,https://www.glassdoor.com/Job/jobs.htm?sc.keyword=Sales%20Manager,https://www.monster.com/jobs/search/?q=Sales%20Manager,https://www.careerbuilder.com/jobs?keywords=Sales%20Manager
Educational Consultant,"Curriculum Development, Learning Theory, Assessment Design, Educational Technology, Diversity in Education, Research Methods","Coursera - Educational Consultant Specialization, LinkedIn Learning - Curriculum Development Fundamentals",Advanced,Professional Services,"Corporate, SME",High,https://www.linkedin.com/jobs/search/?keywords=Educational%20Consultant,https://www.indeed.com/jobs?q=Educational%20Consultant,https://www.glassdoor.com/Job/jobs.htm?sc.keyword=Educational%20Consultant,https://www.monster.com/jobs/search/?q=Educational%20Consultant,https://www.careerbuilder.com/jobs?keywords=Educational%20Consultant
Freelance Copywriter,"Copywriting, SEO, Grammar, Online Marketing, Microsoft Word, Adobe Creative Suite","Coursera - Freelance Copywriter Specialization, LinkedIn Learning - Copywriting Fundamentals",Intermediate,Professional Services,"Corporate, SME",Medium,https://www.linkedin.com/jobs/search/?keywords=Freelance%20Copywriter,https://www.indeed.com/jobs?q=Freelance%20Copywriter,https://www.glassdoor.com/Job/jobs.htm?sc.keyword=Freelance%20Copywriter,https://www.monster.com/jobs/search/?q=Freelance%20Copywriter,https://www.careerbuilder.com/jobs?keywords=Freelance%20Copywriter
DevOps Engineer,"Linux, Docker, Kubernetes, Jenkins, Git, CI/CD, Serverless Architecture, Cloud Infrastructure","Coursera - DevOps Engineer Specialization, LinkedIn Learning - Linux Fundamentals",Advanced,Professional Services,"Corporate, SME",High,https://www.linkedin.com/jobs/search/?keywords=DevOps%20Engineer,https://www.indeed.com/jobs?q=DevOps%20Engineer,https://www.glassdoor.com/Job/jobs.htm?sc.keyword=DevOps%20Engineer,https://www.monster.com/jobs/search/?q=DevOps%20Engineer,https://www.careerbuilder.com/jobs?keywords=DevOps%20Engineer
Financial Analyst,"Financial Modeling, Spreadsheets, Budget Analysis, Forecasting, Risk Assessment","Coursera - Financial Analyst Specialization, LinkedIn Learning - Financial Modeling Fundamentals",Intermediate,Finance,Corporate,Medium,https://www.linkedin.com/jobs/search/?keywords=Financial%20Analyst,https://www.indeed.com/jobs?q=Financial%20Analyst,https://www.glassdoor.com/Job/jobs.htm?sc.keyword=Financial%20Analyst,https://www.monster.com/jobs/search/?q=Financial%20Analyst,https://www.careerbuilder.com/jobs?keywords=Financial%20Analyst
Civil Engineer,"Structural Analysis, Hydrology, Environmental Engineering, Urban Planning, Geotechnical Engineering","Coursera - Civil Engineer Specialization, LinkedIn Learning - Structural Analysis Fundamentals",Advanced,Professional Services,"Corporate, SME",High,https://www.linkedin.com/jobs/search/?keywords=Civil%20Engineer,https://www.indeed.com/jobs?q=Civil%20Engineer,https://www.glassdoor.com/Job/jobs.htm?sc.keyword=Civil%20Engineer,https://www.monster.com/jobs/search/?q=Civil%20Engineer,https://www.careerbuilder.com/jobs?keywords=Civil%20Engineer
Public Relations Specialist,"Writing Skills, Media Relations, Social Media, Event Planning, Crisis Management","Coursera - Public Relations Specialist Specialization, LinkedIn Learning - Writing Skills Fundamentals",Intermediate,Professional Services,"Corporate, SME",Medium,https://www.linkedin.com/jobs/search/?keywords=Public%20Relations%20Specialist,https://www.indeed.com/jobs?q=Public%20Relations%20Specialist,https://www.glassdoor.com/Job/jobs.htm?sc.keyword=Public%20Relations%20Specialist,https://www.monster.com/jobs/search/?q=Public%20Relations%20Specialist,https://www.careerbuilder.com/jobs?keywords=Public%20Relations%20Specialist
Digital Marketing Strategist,"In-depth SEO/SEM Knowledge, Content Marketing, Multichannel Marketing, Data-Driven Marketing, Email Marketing Automation, Social Media Analytics","Coursera - Digital Marketing Strategist Specialization, LinkedIn Learning - In-depth SEO/SEM Knowledge Fundamentals",Advanced,Professional Services,"Corporate, SME",High,https://www.linkedin.com/jobs/search/?keywords=Digital%20Marketing%20Strategist,https://www.indeed.com/jobs?q=Digital%20Marketing%20Strategist,https://www.glassdoor.com/Job/jobs.htm?sc.keyword=Digital%20Marketing%20Strategist,https://www.monster.com/jobs/search/?q=Digital%20Marketing%20Strategist,https://www.careerbuilder.com/jobs?keywords=Digital%20Marketing%20Strategist
Compliance Officer,"Regulatory Compliance, Risk Management, Documentation, Policy Development, Legal Compliance","Coursera - Compliance Officer Specialization, LinkedIn Learning - Regulatory Compliance Fundamentals",Intermediate,Professional Services,"Corporate, SME",Medium,https://www.linkedin.com/jobs/search/?keywords=Compliance%20Officer,https://www.indeed.com/jobs?q=Compliance%20Officer,https://www.glassdoor.com/Job/jobs.htm?sc.keyword=Compliance%20Officer,https://www.monster.com/jobs/search/?q=Compliance%20Officer,https://www.careerbuilder.com/jobs?keywords=Compliance%20Officer
AI Ethics Officer,"Ethical AI Design, Bias Mitigation, Data Privacy, Regulatory Compliance, Philosophy of AI, Impact Assessment","Coursera - AI Ethics Officer Specialization, LinkedIn Learning - Ethical AI Design Fundamentals",Advanced,Professional Services,"Corporate, SME",High,https://www.linkedin.com/jobs/search/?keywords=AI%20Ethics%20Officer,https://www.indeed.com/jobs?q=AI%20Ethics%20Officer,https://www.glassdoor.com/Job/jobs.htm?sc.keyword=AI%20Ethics%20Officer,https://www.monster.com/jobs/search/?q=AI%20Ethics%20Officer,https://www.careerbuilder.com/jobs?keywords=AI%20Ethics%20Officer
Flight Attendant,"Customer Service, Safety Training, Emergency Procedures, In-Flight Services, Airline Regulations, Language Skills, Conflict Resolution, Multitasking, Medical Training, Cultural Sensitivity","Coursera - Flight Attendant Specialization, LinkedIn Learning - Customer Service Fundamentals",Intermediate,Professional Services,"Corporate, SME",Medium,https://www.linkedin.com/jobs/search/?keywords=Flight%20Attendant,https://www.indeed.com/jobs?q=Flight%20Attendant,https://www.glassdoor.com/Job/jobs.htm?sc.keyword=Flight%20Attendant,https://www.monster.com/jobs/search/?q=Flight%20Attendant,https://www.careerbuilder.com/jobs?keywords=Flight%20Attendant
Healthcare Administrator,"Healthcare Policy, Financial Management, Strategic Planning, Compliance, Risk Management, Patient Care, Operational Efficiency","Coursera - Healthcare Administrator Specialization, LinkedIn Learning - Healthcare Policy Fundamentals",Advanced,Professional Services,"Corporate, SME",High,https://www.linkedin.com/jobs/search/?keywords=Healthcare%20Administrator,https://www.indeed.com/jobs?q=Healthcare%20Administrator,https://www.glassdoor.com/Job/jobs.htm?sc.keyword=Healthcare%20Administrator,https://www.monster.com/jobs/search/?q=Healthcare%20Administrator,https://www.careerbuilder.com/jobs?keywords=Healthcare%20Administrator
Graphic Designer,"Adobe Creative Suite, Logo Design, Web Design, Branding, Typography, Motion Graphics","Coursera - Graphic Designer Specialization, LinkedIn Learning - Adobe Creative Suite Fundamentals",Intermediate,Professional Services,"Corporate, SME",Medium,https://www.linkedin.com/jobs/search/?keywords=Graphic%20Designer,https://www.indeed.com/jobs?q=Graphic%20Designer,https://www.glassdoor.com/Job/jobs.htm?sc.keyword=Graphic%20Designer,https://www.monster.com/jobs/search/?q=Graphic%20Designer,https://www.careerbuilder.com/jobs?keywords=Graphic%20Designer
Sales Manager,"CRM Systems, Sales Forecasting, Sales Training, Negotiation Skills, Business Development, Lead Generation","Coursera - Sales Manager Specialization, LinkedIn Learning - CRM Systems Fundamentals",Advanced,Professional Services,"Corporate, SME",High,https://www.linkedin.com/jobs/search/?keywords=Sales%20Manager,https://www.indeed.com/jobs?q=Sales%20Manager,https://www.glassdoor.com/Job/jobs.htm?sc.keyword=Sales%20Manager,https://www.monster.com/jobs/search/?q=Sales%20Manager,https://www.careerbuilder.com/jobs?keywords=Sales%20Manager
Network Engineer,"Network Configuration, Security Protocols, Cloud Computing, Network Automation, Server Management","Coursera - Network Engineer Specialization, LinkedIn Learning - Network Configuration Fundamentals",Intermediate,Professional Services,"Corporate, SME",Medium,https://www.linkedin.com/jobs/search/?keywords=Network%20Engineer,https://www.indeed.com/jobs?q=Network%20Engineer,https://www.glassdoor.com/Job/jobs.htm?sc.keyword=Network%20Engineer,https://www.monster.com/jobs/search/?q=Network%20Engineer,https://www.careerbuilder.com/jobs?keywords=Network%20Engineer
Clinical Psychologist,"Cognitive Behavioral Therapy, Psychopathology, Research Methods, Ethics in Psychology, Therapeutic Techniques","Coursera - Clinical Psychologist Specialization, LinkedIn Learning - Cognitive Behavioral Therapy Fundamentals",Advanced,Professional Services,"Corporate, SME",High,https://www.linkedin.com/jobs/search/?keywords=Clinical%20Psychologist,https://www.indeed.com/jobs?q=Clinical%20Psychologist,https://www.glassdoor.com/Job/jobs.htm?sc.keyword=Clinical%20Psychologist,https://www.monster.com/jobs/search/?q=Clinical%20Psychologist,https://www.careerbuilder.com/jobs?keywords=Clinical%20Psychologist
Graphic Designer,"Adobe Creative Suite, UI/UX Design, Color Theory, Typography, Branding","Coursera - Graphic Designer Specialization, LinkedIn Learning - Adobe Creative Suite Fundamentals",Intermediate,Professional Services,"Corporate, SME",Medium,https://www.linkedin.com/jobs/search/?keywords=Graphic%20Designer,https://www.indeed.com/jobs?q=Graphic%20Designer,https://www.glassdoor.com/Job/jobs.htm?sc.keyword=Graphic%20Designer,https://www.monster.com/jobs/search/?q=Graphic%20Designer,https://www.careerbuilder.com/jobs?keywords=Graphic%20Designer
Nanotechnology Engineer,"Nanomaterials Synthesis, Nanofabrication Techniques, Nanomedicine, Nanoelectronics, Nano-scale Drug Delivery Systems, Nanosensors","Coursera - Nanotechnology Engineer Specialization, LinkedIn Learning - Nanomaterials Synthesis Fundamentals",Advanced,Professional Services,"Corporate, SME",High,https://www.linkedin.com/jobs/search/?keywords=Nanotechnology%20Engineer,https://www.indeed.com/jobs?q=Nanotechnology%20Engineer,https://www.glassdoor.com/Job/jobs.htm?sc.keyword=Nanotechnology%20Engineer,https://www.monster.com/jobs/search/?q=Nanotechnology%20Engineer,https://www.careerbuilder.com/jobs?keywords=Nanotechnology%20Engineer
Network Engineer,"Network Topology, Network Configuration, Wireless Networks, Network Security, Troubleshooting","Coursera - Network Engineer Specialization, LinkedIn Learning - Network Topology Fundamentals",Intermediate,Professional Services,"Corporate, SME",Medium,https://www.linkedin.com/jobs/search/?keywords=Network%20Engineer,https://www.indeed.com/jobs?q=Network%20Engineer,https://www.glassdoor.com/Job/jobs.htm?sc.keyword=Network%20Engineer,https://www.monster.com/jobs/search/?q=Network%20Engineer,https://www.careerbuilder.com/jobs?keywords=Network%20Engineer
Special Education Teacher,"Inclusive Education, Behavioral Intervention, Assistive Technology, Individualized Education Plans (IEPs), Special Needs Legislation, Adaptive Teaching Methods","Coursera - Special Education Teacher Specialization, LinkedIn Learning - Inclusive Education Fundamentals",Advanced,Professional Services,"Corporate, SME",High,https://www.linkedin.com/jobs/search/?keywords=Special%20Education%20Teacher,https://www.indeed.com/jobs?q=Special%20Education%20Teacher,https://www.glassdoor.com/Job/jobs.htm?sc.keyword=Special%20Education%20Teacher,https://www.monster.com/jobs/search/?q=Special%20Education%20Teacher,https://www.careerbuilder.com/jobs?keywords=Special%20Education%20Teacher
Mechanical Engineer,"Design Thinking, CAD Software, Material Science, Manufacturing Processes, Thermodynamics, Fluid Mechanics, Quality Assurance, Project Management, Energy Efficiency, Aerospace Engineering","Coursera - Mechanical Engineer Specialization, LinkedIn Learning - Design Thinking Fundamentals",Intermediate,Professional Services,"Corporate, SME",Medium,https://www.linkedin.com/jobs/search/?keywords=Mechanical%20Engineer,https://www.indeed.com/jobs?q=Mechanical%20Engineer,https://www.glassdoor.com/Job/jobs.htm?sc.keyword=Mechanical%20Engineer,https://www.monster.com/jobs/search/?q=Mechanical%20Engineer,https://www.careerbuilder.com/jobs?keywords=Mechanical%20Engineer
Software Developer,"Algorithms, Software Design Patterns, Unit Testing, Version Control, Continuous Integration, Performance Optimization","Coursera - Software Developer Specialization, LinkedIn Learning - Algorithms Fundamentals",Advanced,Professional Services,"Corporate, SME",High,https://www.linkedin.com/jobs/search/?keywords=Software%20Developer,https://www.indeed.com/jobs?q=Software%20Developer,https://www.glassdoor.com/Job/jobs.htm?sc.keyword=Software%20Developer,https://www.monster.com/jobs/search/?q=Software%20Developer,https://www.careerbuilder.com/jobs?keywords=Software%20Developer
Customer Service Representative,"Communication, Problem-solving, CRM Software, Empathy, Patience, Sales Techniques","Coursera - Customer Service Representative Specialization, LinkedIn Learning - Communication Fundamentals",Intermediate,Professional Services,"Corporate, SME",Medium,https://www.linkedin.com/jobs/search/?keywords=Customer%20Service%20Representative,https://www.indeed.com/jobs?q=Customer%20Service%20Representative,https://www.glassdoor.com/Job/jobs.htm?sc.keyword=Customer%20Service%20Representative,https://www.monster.com/jobs/search/?q=Customer%20Service%20Representative,https://www.careerbuilder.com/jobs?keywords=Customer%20Service%20Representative
Quality Assurance Engineer,"Test Automation, Software Testing Life Cycle, Defect Tracking, Test Management, Manual Testing","Coursera - Quality Assurance Engineer Specialization, LinkedIn Learning - Test Automation Fundamentals",Advanced,Professional Services,"Corporate, SME",High,https://www.linkedin.com/jobs/search/?keywords=Quality%20Assurance%20Engineer,https://www.indeed.com/jobs?q=Quality%20Assurance%20Engineer,https://www.glassdoor.com/Job/jobs.htm?sc.keyword=Quality%20Assurance%20Engineer,https://www.monster.com/jobs/search/?q=Quality%20Assurance%20Engineer,https://www.careerbuilder.com/jobs?keywords=Quality%20Assurance%20Engineer
Sales Associate,"Customer Relationship Management (CRM), Sales Techniques, Product Knowledge, Presentation Skills, Time Management","Coursera - Sales Associate Specialization, LinkedIn Learning - Customer Relationship Management (CRM) Fundamentals",Intermediate,Professional Services,"Corporate, SME",Medium,https://www.linkedin.com/jobs/search/?keywords=Sales%20Associate,https://www.indeed.com/jobs?q=Sales%20Associate,https://www.glassdoor.com/Job/jobs.htm?sc.keyword=Sales%20Associate,https://www.monster.com/jobs/search/?q=Sales%20Associate,https://www.careerbuilder.com/jobs?keywords=Sales%20Associate
UX Researcher,"User Persona Creation, User Testing, Usability Studies, Accessibility, Research Design","Coursera - UX Researcher Specialization, LinkedIn Learning - User Persona Creation Fundamentals",Advanced,Professional Services,"Corporate, SME",High,https://www.linkedin.com/jobs/search/?keywords=UX%20Researcher,https://www.indeed.com/jobs?q=UX%20Researcher,https://www.glassdoor.com/Job/jobs.htm?sc.keyword=UX%20Researcher,https://www.monster.com/jobs/search/?q=UX%20Researcher,https://www.careerbuilder.com/jobs?keywords=UX%20Researcher
Fitness Instructor,"Yoga Certification, Group Fitness, Sports Conditioning, Nutrition Advice, Safety Standards","Coursera - Fitness Instructor Specialization, LinkedIn Learning - Yoga Certification Fundamentals",Intermediate,Professional Services,"Corporate, SME",Medium,https://www.linkedin.com/jobs/search/?keywords=Fitness%20Instructor,https://www.indeed.com/jobs?q=Fitness%20Instructor,https://www.glassdoor.com/Job/jobs.htm?sc.keyword=Fitness%20Instructor,https://www.monster.com/jobs/search/?q=Fitness%20Instructor,https://www.careerbuilder.com/jobs?keywords=Fitness%20Instructor
Cross-Cultural Communication Specialist,"Intercultural Competence, Translation and Interpretation, Non-Verbal Communication, Cultural Awareness Training, Global Leadership, International Negotiation","Coursera - Cross-Cultural Communication Specialist Specialization, LinkedIn Learning - Intercultural Competence Fundamentals",Advanced,Professional Services,"Corporate, SME",High,https://www.linkedin.com/jobs/search/?keywords=Cross-Cultural%20Communication%20Specialist,https://www.indeed.com/jobs?q=Cross-Cultural%20Communication%20Specialist,https://www.glassdoor.com/Job/jobs.htm?sc.keyword=Cross-Cultural%20Communication%20Specialist,https://www.monster.com/jobs/search/?q=Cross-Cultural%20Communication%20Specialist,https://www.careerbuilder.com/jobs?keywords=Cross-Cultural%20Communication%20Specialist
Product Manager,"Market Analysis, Product Strategy, User Personas, Go-to-Market Strategy, Sales Alignment","Coursera - Product Manager Specialization, LinkedIn Learning - Market Analysis Fundamentals",Intermediate,Professional Services,"Corporate, SME",Medium,https://www.linkedin.com/jobs/search/?keywords=Product%20Manager,https://www.indeed.com/jobs?q=Product%20Manager,https://www.glassdoor.com/Job/jobs.htm?sc.keyword=Product%20Manager,https://www.monster.com/jobs/search/?q=Product%20Manager,https://www.careerbuilder.com/jobs?keywords=Product%20Manager
Cybersecurity Analyst,"Threat Intelligence, Incident Response, Penetration Testing, Cybersecurity Frameworks (NIST, ISO), Network Security, Cryptography","Coursera - Cybersecurity Analyst Specialization, LinkedIn Learning - Threat Intelligence Fundamentals",Advanced,Professional Services,"Corporate, SME",High,https://www.linkedin.com/jobs/search/?keywords=Cybersecurity%20Analyst,https://www.indeed.com/jobs?q=Cybersecurity%20Analyst,https://www.glassdoor.com/Job/jobs.htm?sc.keyword=Cybersecurity%20Analyst,https://www.monster.com/jobs/search/?q=Cybersecurity%20Analyst,https://www.careerbuilder.com/jobs?keywords=Cybersecurity%20Analyst
Market Research Analyst,"Data Collection, Surveys, Statistical Analysis, Market Trends, SWOT Analysis, Consumer Behavior, Product Positioning, Competitive Analysis, Presentation Skills, Reporting","Coursera - Market Research Analyst Specialization, LinkedIn Learning - Data Collection Fundamentals",Intermediate,Professional Services,"Corporate, SME",Medium,https://www.linkedin.com/jobs/search/?keywords=Market%20Research%20Analyst,https://www.indeed.com/jobs?q=Market%20Research%20Analyst,https://www.glassdoor.com/Job/jobs.htm?sc.keyword=Market%20Research%20Analyst,https://www.monster.com/jobs/search/?q=Market%20Research%20Analyst,https://www.careerbuilder.com/jobs?keywords=Market%20Research%20Analyst
Cloud Solutions Architect,"Cloud Computing Platforms, Serverless Architecture, Microservices, Cloud Security, Data Storage, Cloud Migration, Cost Management","Coursera - Cloud Solutions Architect Specialization, LinkedIn Learning - Cloud Computing Platforms Fundamentals",Advanced,Professional Services,"Corporate, SME",High,https://www.linkedin.com/jobs/search/?keywords=Cloud%20Solutions%20Architect,https://www.indeed.com/jobs?q=Cloud%20Solutions%20Architect,https://www.glassdoor.com/Job/jobs.htm?sc.keyword=Cloud%20Solutions%20Architect,https://www.monster.com/jobs/search/?q=Cloud%20Solutions%20Architect,https://www.careerbuilder.com/jobs?keywords=Cloud%20Solutions%20Architect
Research Analyst,"Data Analysis, Microsoft Excel, SPSS, Survey Design, Presentation Skills, Research Methodologies","Coursera - Research Analyst Specialization, LinkedIn Learning - Data Analysis Fundamentals",Intermediate,Professional Services,"Corporate, SME",Medium,https://www.linkedin.com/jobs/search/?keywords=Research%20Analyst,https://www.indeed.com/jobs?q=Research%20Analyst,https://www.glassdoor.com/Job/jobs.htm?sc.keyword=Research%20Analyst,https://www.monster.com/jobs/search/?q=Research%20Analyst,https://www.careerbuilder.com/jobs?keywords=Research%20Analyst
Digital Marketer,"SEO, PPC, Content Marketing, Social Media Marketing, Email Marketing, Data Analytics, Market Research","Coursera - Digital Marketer Specialization, LinkedIn Learning - SEO Fundamentals",Advanced,Professional Services,"Corporate, SME",High,https://www.linkedin.com/jobs/search/?keywords=Digital%20Marketer,https://www.indeed.com/jobs?q=Digital%20Marketer,https://www.glassdoor.com/Job/jobs.htm?sc.keyword=Digital%20Marketer,https://www.monster.com/jobs/search/?q=Digital%20Marketer,https://www.careerbuilder.com/jobs?keywords=Digital%20Marketer
Legal Assistant,"Legal Research, Document Preparation, Contract Drafting, Evidence Collection, Client Communication","Coursera - Legal Assistant Specialization, LinkedIn Learning - Legal Research Fundamentals",Intermediate,Professional Services,"Corporate, SME",Medium,https://www.linkedin.com/jobs/search/?keywords=Legal%20Assistant,https://www.indeed.com/jobs?q=Legal%20Assistant,https://www.glassdoor.com/Job/jobs.htm?sc.keyword=Legal%20Assistant,https://www.monster.com/jobs/search/?q=Legal%20Assistant,https://www.careerbuilder.com/jobs?keywords=Legal%20Assistant
Supply Chain Analyst,"Supply Chain Optimization, Forecasting, Risk Management, Logistics Management, Cost Reduction","Coursera - Supply Chain Analyst Specialization, LinkedIn Learning - Supply Chain Optimization Fundamentals",Advanced,Professional Services,"Corporate, SME",High,https://www.linkedin.com/jobs/search/?keywords=Supply%20Chain%20Analyst,https://www.indeed.com/jobs?q=Supply%20Chain%20Analyst,https://www.glassdoor.com/Job/jobs.htm?sc.keyword=Supply%20Chain%20Analyst,https://www.monster.com/jobs/search/?q=Supply%20Chain%20Analyst,https://www.careerbuilder.com/jobs?keywords=Supply%20Chain%20Analyst
Digital Marketing Manager,"SEO, Social Media Strategy, Email Marketing, Content Creation, Analytics and Reporting","Coursera - Digital Marketing Manager Specialization, LinkedIn Learning - SEO Fundamentals",Intermediate,Professional Services,"Corporate, SME",Medium,https://www.linkedin.com/jobs/search/?keywords=Digital%20Marketing%20Manager,https://www.indeed.com/jobs?q=Digital%20Marketing%20Manager,https://www.glassdoor.com/Job/jobs.htm?sc.keyword=Digital%20Marketing%20Manager,https://www.monster.com/jobs/search/?q=Digital%20Marketing%20Manager,https://www.careerbuilder.com/jobs?keywords=Digital%20Marketing%20Manager
Space Lawyer,"International Space Law, Astronaut Rights, Space Commerce Regulation, Satellite Imagery Rights, Planetary Protection Policies, Space Mining Legalities","Coursera - Space Lawyer Specialization, LinkedIn Learning - International Space Law Fundamentals",Advanced,Professional Services,"Corporate, SME",High,https://www.linkedin.com/jobs/search/?keywords=Space%20Lawyer,https://www.indeed.com/jobs?q=Space%20Lawyer,https://www.glassdoor.com/Job/jobs.htm?sc.keyword=Space%20Lawyer,https://www.monster.com/jobs/search/?q=Space%20Lawyer,https://www.careerbuilder.com/jobs?keywords=Space%20Lawyer
Financial Analyst,"Financial Modeling, Budgeting, Financial Reporting, Risk Analysis, Forecasting","Coursera - Financial Analyst Specialization, LinkedIn Learning - Financial Modeling Fundamentals",Intermediate,Finance,Corporate,Medium,https://www.linkedin.com/jobs/search/?keywords=Financial%20Analyst,https://www.indeed.com/jobs?q=Financial%20Analyst,https://www.glassdoor.com/Job/jobs.htm?sc.keyword=Financial%20Analyst,https://www.monster.com/jobs/search/?q=Financial%20Analyst,https://www.careerbuilder.com/jobs?keywords=Financial%20Analyst
Fashion Merchandiser,"Trend Forecasting, Supply Chain Management, Product Visualization, Buyer Relationships, Retail Operations, Inventory Management","Coursera - Fashion Merchandiser Specialization, LinkedIn Learning - Trend Forecasting Fundamentals",Advanced,Professional Services,"Corporate, SME",High,https://www.linkedin.com/jobs/search/?keywords=Fashion%20Merchandiser,https://www.indeed.com/jobs?q=Fashion%20Merchandiser,https://www.glassdoor.com/Job/jobs.htm?sc.keyword=Fashion%20Merchandiser,https://www.monster.com/jobs/search/?q=Fashion%20Merchandiser,https://www.careerbuilder.com/jobs?keywords=Fashion%20Merchandiser
Content Strategist,"SEO Best Practices, Content Auditing, Content Planning, SEM Strategies, Content Calendar, Copywriting, User Experience, Multimedia Content, Thematic Research, Brand Guidelines","Coursera - Content Strategist Specialization, LinkedIn Learning - SEO Best Practices Fundamentals",Intermediate,Professional Services,"Corporate, SME",Medium,https://www.linkedin.com/jobs/search/?keywords=Content%20Strategist,https://www.indeed.com/jobs?q=Content%20Strategist,https://www.glassdoor.com/Job/jobs.htm?sc.keyword=Content%20Strategist,https://www.monster.com/jobs/search/?q=Content%20Strategist,https://www.careerbuilder.com/jobs?keywords=Content%20Strategist
Digital Marketing Specialist,"SEO, SEM, Content Marketing, Social Media Marketing, Email Marketing, Analytics, PPC Management","Coursera - Digital Marketing Specialist Specialization, LinkedIn Learning - SEO Fundamentals",Advanced,Professional Services,"Corporate, SME",High,https://www.linkedin.com/jobs/search/?keywords=Digital%20Marketing%20Specialist,https://www.indeed.com/jobs?q=Digital%20Marketing%20Specialist,https://www.glassdoor.com/Job/jobs.htm?sc.keyword=Digital%20Marketing%20Specialist,https://www.monster.com/jobs/search/?q=Digital%20Marketing%20Specialist,https://www.careerbuilder.com/jobs?keywords=Digital%20Marketing%20Specialist
Software Developer,"Coding (Various Languages), Debugging, Agile Methodologies, Version Control (Git), Continuous Integration/Continuous Deployment (CI/CD)","Coursera - Software Developer Specialization, LinkedIn Learning - Coding (Various Languages) Fundamentals",Intermediate,Professional Services,"Corporate, SME",Medium,https://www.linkedin.com/jobs/search/?keywords=Software%20Developer,https://www.indeed.com/jobs?q=Software%20Developer,https://www.glassdoor.com/Job/jobs.htm?sc.keyword=Software%20Developer,https://www.monster.com/jobs/search/?q=Software%20Developer,https://www.careerbuilder.com/jobs?keywords=Software%20Developer
Educational Technology Specialist,"E-Learning Platforms, Instructional Design, Online Assessment, Educational Software, Curriculum Development","Coursera - Educational Technology Specialist Specialization, LinkedIn Learning - E-Learning Platforms Fundamentals",Advanced,Professional Services,"Corporate, SME",High,https://www.linkedin.com/jobs/search/?keywords=Educational%20Technology%20Specialist,https://www.indeed.com/jobs?q=Educational%20Technology%20Specialist,https://www.glassdoor.com/Job/jobs.htm?sc.keyword=Educational%20Technology%20Specialist,https://www.monster.com/jobs/search/?q=Educational%20Technology%20Specialist,https://www.careerbuilder.com/jobs?keywords=Educational%20Technology%20Specialist
Flight Attendant,"Customer Service, Safety Procedures, First Aid, Multilingual Communication, Restaurant Operation","Coursera - Flight Attendant Specialization, LinkedIn Learning - Customer Service Fundamentals",Intermediate,Professional Services,"Corporate, SME",Medium,https://www.linkedin.com/jobs/search/?keywords=Flight%20Attendant,https://www.indeed.com/jobs?q=Flight%20Attendant,https://www.glassdoor.com/Job/jobs.htm?sc.keyword=Flight%20Attendant,https://www.monster.com/jobs/search/?q=Flight%20Attendant,https://www.careerbuilder.com/jobs?keywords=Flight%20Attendant
Renewable Energy Consultant,"Renewable Energy Technologies, Policy Analysis, Energy Storage, Grid Integration, Project Management","Coursera - Renewable Energy Consultant Specialization, LinkedIn Learning - Renewable Energy Technologies Fundamentals",Advanced,Professional Services,"Corporate, SME",High,https://www.linkedin.com/jobs/search/?keywords=Renewable%20Energy%20Consultant,https://www.indeed.com/jobs?q=Renewable%20Energy%20Consultant,https://www.glassdoor.com/Job/jobs.htm?sc.keyword=Renewable%20Energy%20Consultant,https://www.monster.com/jobs/search/?q=Renewable%20Energy%20Consultant,https://www.careerbuilder.com/jobs?keywords=Renewable%20Energy%20Consultant